Model,MDO34
Firmware Version,1.10.4

Waveform Type,ANALOG,,
Point Format,Y,,
Horizontal Units,s,,
Horizontal Scale,1e-08,,
Horizontal Delay,1.212e-07,,
Sample Interval,4e-10,,
Record Length,1000,,
Gating,0.1% to 100.0%,,
Probe Attenuation,1,1,1
Vertical Units,V,V,V
Vertical Offset,0,0,0
Vertical Scale,0.5,0.2,0.2
Vertical Position,3.18,1.02,-2.22
,,,
,,,
,,,
Label,,,
TIME,CH1,CH2,CH3
-7.880e-08,-0.0100781,-0.0120313,0.0199688
-7.840e-08,0.00992187,-0.0120313,0.0119688
-7.800e-08,-0.01,-0.004,0.004
-7.760e-08,-0.01,-0.004,0.004
-7.720e-08,-0.01,-0.004,-0.004
-7.680e-08,-0.01,0.004,0.004
-7.640e-08,-0.01,-0.004,-0.004
-7.600e-08,-0.0100781,0.00396875,0.00396875
-7.560e-08,-0.0100781,-0.00403125,0.00396875
-7.520e-08,-0.0100781,-0.00403125,-0.0120312
-7.480e-08,0.00992187,-0.0120313,-0.0120312
-7.440e-08,0.01,-0.012,-0.012
-7.400e-08,0.01,-0.012,0.004
-7.360e-08,-0.0100781,-0.00403125,-0.00403125
-7.320e-08,0.00992187,-0.00403125,-0.00403125
-7.280e-08,-0.0100781,0.00396875,-0.00403125
-7.240e-08,-0.01,0.004,-0.004
-7.200e-08,0.00992187,0.00396875,0.00396875
-7.160e-08,0.00992187,-0.0120313,0.0119688
-7.120e-08,-0.0100781,-0.00403125,0.0119688
-7.080e-08,0.01,0.004,0.004
-7.040e-08,-0.01,0.004,0.004
-7.000e-08,-0.01,0.004,0.012
-6.960e-08,0.00992187,0.00396875,0.0119688
-6.920e-08,-0.0100781,0.00396875,0.0119688
-6.880e-08,-0.0100781,0.00396875,0.0119688
-6.840e-08,-0.0100781,0.00396875,0.0119688
-6.800e-08,0.01,-0.004,0.02
-6.760e-08,0.00992187,-0.00403125,0.0199688
-6.720e-08,-0.01,-0.012,0.02
-6.680e-08,-0.0100781,-0.0120313,0.0119688
-6.640e-08,-0.0100781,-0.00403125,0.0119688
-6.600e-08,0.01,-0.012,0.004
-6.560e-08,-0.0100781,-0.00403125,-0.00403125
-6.520e-08,-0.01,-0.004,-0.004
-6.480e-08,-0.01,-0.004,-0.004
-6.440e-08,-0.0100781,0.0119688,-0.00403125
-6.400e-08,-0.01,0.02,0.004
-6.360e-08,-0.01,0.028,0.012
-6.320e-08,0.00992187,0.0119688,0.0119688
-6.280e-08,-0.01,-0.004,0.004
-6.240e-08,-0.0100781,0.00396875,0.0119688
-6.200e-08,-0.0100781,0.00396875,0.0119688
-6.160e-08,0.01,0.02,0.012
-6.120e-08,-0.01,0.012,0.004
-6.080e-08,-0.01,0.004,0.004
-6.040e-08,-0.01,-0.012,0.012
-6.000e-08,-0.0100781,-0.0120313,0.0279688
-5.960e-08,0.00992187,-0.0120313,0.0119688
-5.920e-08,0.01,-0.004,0.004
-5.880e-08,-0.01,0.004,-0.004
-5.840e-08,-0.01,0.004,-0.004
-5.800e-08,0.01,0.004,0.004
-5.760e-08,0.00992187,0.00396875,0.0119688
-5.720e-08,0.01,0.004,0.012
-5.680e-08,-0.0100781,0.00396875,0.00396875
-5.640e-08,-0.01,-0.004,-0.004
-5.600e-08,0.01,-0.004,-0.004
-5.560e-08,0.00992187,0.0119688,0.00396875
-5.520e-08,0.01,0.012,0.012
-5.480e-08,-0.0100781,0.00396875,0.0119688
-5.440e-08,-0.0100781,0.00396875,0.00396875
-5.400e-08,0.00992187,0.00396875,0.00396875
-5.360e-08,0.01,0.012,0.004
-5.320e-08,0.01,-0.004,0.004
-5.280e-08,-0.01,-0.004,0.004
-5.240e-08,-0.01,-0.004,0.012
-5.200e-08,-0.01,0.004,0.012
-5.160e-08,-0.01,0.012,0.004
-5.120e-08,-0.0100781,0.00396875,-0.00403125
-5.080e-08,-0.0100781,-0.0120313,0.00396875
-5.040e-08,-0.01,-0.012,0.004
-5.000e-08,0.01,-0.02,0.004
-4.960e-08,-0.01,-0.012,-0.012
-4.920e-08,-0.0100781,0.0119688,-0.00403125
-4.880e-08,0.00992187,0.00396875,0.00396875
-4.840e-08,-0.0100781,-0.00403125,0.0119688
-4.800e-08,0.00992187,-0.00403125,0.00396875
-4.760e-08,0.00992187,-0.0120313,0.0119688
-4.720e-08,0.00992187,-0.0120313,0.00396875
-4.680e-08,0.00992187,0.00396875,0.00396875
-4.640e-08,-0.01,0.004,0.012
-4.600e-08,-0.0100781,0.00396875,0.00396875
-4.560e-08,-0.0100781,-0.00403125,0.00396875
-4.520e-08,0.01,-0.004,0.004
-4.480e-08,0.01,-0.004,-0.004
-4.440e-08,0.01,-0.004,-0.004
-4.400e-08,-0.01,0.004,0.012
-4.360e-08,-0.0100781,-0.00403125,0.0119688
-4.320e-08,-0.01,-0.004,0.012
-4.280e-08,-0.01,-0.004,0.012
-4.240e-08,0.00992187,-0.0120313,0.0119688
-4.200e-08,0.00992187,-0.0120313,0.0119688
-4.160e-08,-0.0100781,-0.00403125,0.00396875
-4.120e-08,-0.01,0.004,0.004
-4.080e-08,-0.0100781,0.00396875,0.0119688
-4.040e-08,0.01,0.004,0.012
-4.000e-08,0.00992187,-0.0120313,0.0119688
-3.960e-08,-0.01,-0.004,0.012
-3.920e-08,-0.01,-0.004,0.02
-3.880e-08,-0.01,0.004,0.012
-3.840e-08,-0.01,0.012,0.02
-3.800e-08,-0.0100781,0.0199687,0.0119688
-3.760e-08,-0.0100781,0.00396875,0.0119688
-3.720e-08,0.00992187,-0.0120313,0.0119688
-3.680e-08,0.00992187,-0.0120313,0.0119688
-3.640e-08,-0.01,0.004,0.012
-3.600e-08,-0.01,0.004,0.012
-3.560e-08,-0.0100781,0.00396875,0.0119688
-3.520e-08,-0.0100781,-0.00403125,0.0119688
-3.480e-08,-0.0100781,-0.00403125,0.0119688
-3.440e-08,-0.01,-0.012,0.004
-3.400e-08,-0.01,-0.004,0.004
-3.360e-08,-0.0100781,0.00396875,0.00396875
-3.320e-08,-0.0100781,0.00396875,0.0119688
-3.280e-08,-0.0100781,0.0119688,0.0119688
-3.240e-08,-0.0100781,0.00396875,0.0119688
-3.200e-08,0.00992187,-0.00403125,0.00396875
-3.160e-08,0.00992187,-0.00403125,0.00396875
-3.120e-08,0.00992187,-0.00403125,0.0119688
-3.080e-08,-0.0100781,-0.0120313,0.0119688
-3.040e-08,-0.01,-0.004,-0.004
-3.000e-08,0.01,-0.004,-0.012
-2.960e-08,-0.01,-0.012,-0.004
-2.920e-08,0.00992187,-0.0200313,-0.0120312
-2.880e-08,0.01,-0.012,-0.004
-2.840e-08,0.00992187,0.00396875,0.0119688
-2.800e-08,-0.01,0.004,0.012
-2.760e-08,-0.0100781,-0.00403125,0.0199688
-2.720e-08,0.00992187,-0.00403125,0.0119688
-2.680e-08,-0.0100781,-0.00403125,0.0119688
-2.640e-08,-0.0100781,-0.00403125,-0.00403125
-2.600e-08,-0.01,-0.004,0.012
-2.560e-08,-0.01,-0.004,0.012
-2.520e-08,0.00992187,-0.00403125,0.0119688
-2.480e-08,0.00992187,-0.00403125,0.0119688
-2.440e-08,-0.01,-0.004,0.012
-2.400e-08,-0.0100781,0.00396875,0.00396875
-2.360e-08,-0.0100781,0.00396875,0.00396875
-2.320e-08,-0.01,-0.004,-0.004
-2.280e-08,-0.01,0.004,0.004
-2.240e-08,0.00992187,0.0119688,0.00396875
-2.200e-08,-0.0100781,0.0199687,0.0119688
-2.160e-08,-0.0100781,0.0119688,0.0119688
-2.120e-08,-0.0100781,0.00396875,0.00396875
-2.080e-08,-0.01,0.004,-0.004
-2.040e-08,0.00992187,-0.0120313,-0.00403125
-2.000e-08,-0.01,-0.012,-0.004
-1.960e-08,-0.01,-0.012,-0.004
-1.920e-08,0.01,-0.012,-0.004
-1.880e-08,0.01,-0.012,-0.004
-1.840e-08,-0.03,-0.004,0.004
-1.800e-08,0.00992187,0.00396875,0.00396875
-1.760e-08,-0.0100781,-0.00403125,0.0119688
-1.720e-08,-0.01,-0.004,0.012
-1.680e-08,-0.0100781,0.00396875,0.0199688
-1.640e-08,-0.01,0.004,0.012
-1.600e-08,-0.01,0.012,0.012
-1.560e-08,-0.01,0.02,0.02
-1.520e-08,-0.01,0.012,0.02
-1.480e-08,0.00992187,0.00396875,0.0119688
-1.440e-08,-0.0100781,-0.0120313,0.0119688
-1.400e-08,-0.01,-0.004,0.012
-1.360e-08,-0.0100781,-0.00403125,0.00396875
-1.320e-08,-0.01,-0.004,0.004
-1.280e-08,0.01,-0.012,-0.004
-1.240e-08,-0.01,0.004,-0.004
-1.200e-08,-0.0100781,-0.00403125,0.0119688
-1.160e-08,-0.01,-0.012,0.02
-1.120e-08,0.00992187,-0.0120313,0.0199688
-1.080e-08,0.01,-0.012,0.012
-1.040e-08,-0.0100781,0.00396875,0.00396875
-1.000e-08,0.01,0.004,0.004
-9.600e-09,0.01,0.004,0.028
-9.200e-09,0.00992187,-0.0120313,0.0359688
-8.800e-09,-0.01,-0.012,0.028
-8.400e-09,0.00992187,-0.0120313,0.0119688
-8.000e-09,-0.01,-0.004,0.004
-7.600e-09,-0.0100781,0.00396875,0.0119688
-7.200e-09,-0.01,0.004,0.02
-6.800e-09,-0.01,0.004,0.028
-6.400e-09,0.01,-0.004,0.02
-6.000e-09,0.01,0.004,0.012
-5.600e-09,-0.0100781,-0.00403125,0.0119688
-5.200e-09,-0.01,0.004,0.004
-4.800e-09,-0.01,-0.004,0.004
-4.400e-09,-0.01,0.004,-0.004
-4.000e-09,-0.0100781,-0.00403125,0.0119688
-3.600e-09,-0.0100781,0.00396875,0.0119688
-3.200e-09,-0.01,0.004,0.012
-2.800e-09,-0.0100781,-0.0120313,0.00396875
-2.400e-09,0.00992187,-0.00403125,0.0119688
-2.000e-09,0.00992187,-0.0120313,0.00396875
-1.600e-09,0.01,-0.012,0.004
-1.200e-09,-0.01,-0.004,-0.004
-8.000e-10,-0.110078,-0.00403125,-0.00403125
-4.000e-10,-0.350078,0.00396875,-0.00403125
-0.000e+00,-0.610078,0.00396875,0.00396875
4.000e-10,-0.790078,0.00396875,-0.00403125
8.000e-10,-0.810078,0.0119688,0.00396875
1.200e-09,-0.75,-0.004,0.012
1.600e-09,-0.710078,-0.00403125,0.0119688
2.000e-09,-0.75,-0.012,0.012
2.400e-09,-0.79,-0.004,0.012
2.800e-09,-0.790078,0.0119688,0.0119688
3.200e-09,-0.79,0.004,0.02
3.600e-09,-0.770078,-0.0280313,0.0199688
4.000e-09,-0.77,-0.14,0.1
4.400e-09,-0.79,-0.444,0.324
4.800e-09,-0.790078,-0.812031,0.587969
5.200e-09,-0.790078,-0.852031,0.659969
5.600e-09,-0.790078,-0.564031,0.483969
6.000e-09,-0.790078,-0.308031,0.323969
6.400e-09,-0.790078,-0.260031,0.307969
6.800e-09,-0.77,-0.22,0.276
7.200e-09,-0.79,-0.092,0.132
7.600e-09,-0.81,-0.036,0.028
8.000e-09,-0.77,-0.052,0.028
8.400e-09,-0.810078,-0.0520313,0.0359688
8.800e-09,-0.81,-0.02,0.02
9.200e-09,-0.790078,-0.0440313,0.0359688
9.600e-09,-0.790078,-0.0760313,0.0679688
1.000e-08,-0.79,-0.036,0.044
1.040e-08,-0.81,0.028,-0.012
1.080e-08,-0.81,0.012,-0.012
1.120e-08,-0.81,-0.036,0.028
1.160e-08,-0.81,-0.028,0.044
1.200e-08,-0.810078,0.0359687,0.00396875
1.240e-08,-0.79,0.06,-0.028
1.280e-08,-0.79,0.036,-0.028
1.320e-08,-0.79,-0.012,-0.004
1.360e-08,-0.790078,0.00396875,0.0199688
1.400e-08,-0.81,0.052,-0.02
1.440e-08,-0.79,0.084,-0.052
1.480e-08,-0.810078,0.0359687,-0.0280312
1.520e-08,-0.79,-0.004,0.012
1.560e-08,-0.79,0.004,0.004
1.600e-08,-0.81,0.044,-0.036
1.640e-08,-0.81,0.052,-0.052
1.680e-08,-0.810078,0.0199687,-0.0280312
1.720e-08,-0.81,0.004,0.004
1.760e-08,-0.810078,0.0119688,-0.0200312
1.800e-08,-0.81,0.036,-0.036
1.840e-08,-0.81,0.02,-0.028
1.880e-08,-0.810078,0.0119688,-0.00403125
1.920e-08,-0.81,0.004,-0.004
1.960e-08,-0.810078,0.0279687,-0.0200312
2.000e-08,-0.79,0.02,-0.012
2.040e-08,-0.79,0.012,0.004
2.080e-08,-0.81,-0.004,-0.004
2.120e-08,-0.810078,0.0279687,-0.0280312
2.160e-08,-0.81,0.044,-0.036
2.200e-08,-0.81,0.02,-0.02
2.240e-08,-0.810078,0.00396875,0.00396875
2.280e-08,-0.81,0.012,0.004
2.320e-08,-0.810078,0.0359687,-0.0280312
2.360e-08,-0.79,0.044,-0.028
2.400e-08,-0.810078,0.00396875,-0.0120312
2.440e-08,-0.810078,-0.0200313,0.0199688
2.480e-08,-0.81,-0.004,0.004
2.520e-08,-0.830078,0.0279687,-0.0200312
2.560e-08,-0.81,0.028,-0.004
2.600e-08,-0.810078,-0.00403125,0.0119688
2.640e-08,-0.790078,-0.00403125,0.0119688
2.680e-08,-0.79,0.012,-0.012
2.720e-08,-0.810078,0.0359687,-0.0280312
2.760e-08,-0.81,0.02,0.004
2.800e-08,-0.81,0.004,0.012
2.840e-08,-0.810078,0.0119688,-0.0120312
2.880e-08,-0.790078,0.0119688,-0.0120312
2.920e-08,-0.810078,0.00396875,0.00396875
2.960e-08,-0.79,-0.012,0.012
3.000e-08,-0.810078,-0.00403125,0.00396875
3.040e-08,-0.810078,0.0199687,-0.0120312
3.080e-08,-0.79,0.012,-0.004
3.120e-08,-0.83,-0.004,0.028
3.160e-08,-0.810078,-0.0200313,0.0279688
3.200e-08,-0.83,-0.004,0.004
3.240e-08,-0.810078,0.0199687,-0.0120312
3.280e-08,-0.81,0.004,-0.012
3.320e-08,-0.830078,-0.00403125,0.0199688
3.360e-08,-0.81,-0.02,0.028
3.400e-08,-0.810078,-0.00403125,0.0119688
3.440e-08,-0.81,0.012,-0.012
3.480e-08,-0.810078,-0.00403125,-0.00403125
3.520e-08,-0.810078,-0.0120313,0.0119688
3.560e-08,-0.810078,-0.00403125,0.0119688
3.600e-08,-0.810078,0.0119688,-0.00403125
3.640e-08,-0.81,0.012,0.004
3.680e-08,-0.810078,-0.0120313,0.0119688
3.720e-08,-0.810078,-0.0120313,0.0119688
3.760e-08,-0.81,0.004,-0.004
3.800e-08,-0.81,-0.004,-0.004
3.840e-08,-0.810078,-0.0120313,0.0119688
3.880e-08,-0.810078,-0.0200313,0.0199688
3.920e-08,-0.81,0.004,0.02
3.960e-08,-0.810078,0.0199687,0.0119688
4.000e-08,-0.810078,0.00396875,0.00396875
4.040e-08,-0.810078,-0.0120313,0.0199688
4.080e-08,-0.830078,-0.0200313,0.0199688
4.120e-08,-0.810078,-0.00403125,0.00396875
4.160e-08,-0.81,-0.004,-0.004
4.200e-08,-0.83,-0.004,-0.004
4.240e-08,-0.83,-0.012,0.02
4.280e-08,-0.810078,-0.00403125,0.0279688
4.320e-08,-0.79,0.012,0.012
4.360e-08,-0.81,0.012,-0.004
4.400e-08,-0.790078,-0.0120313,0.00396875
4.440e-08,-0.81,-0.012,0.004
4.480e-08,-0.810078,-0.0120313,0.00396875
4.520e-08,-0.81,-0.004,0.004
4.560e-08,-0.81,-0.004,0.012
4.600e-08,-0.810078,-0.0120313,0.0279688
4.640e-08,-0.810078,-0.0120313,0.0119688
4.680e-08,-0.810078,-0.0120313,0.0119688
4.720e-08,-0.810078,-0.0120313,0.0119688
4.760e-08,-0.810078,-0.0120313,0.0279688
4.800e-08,-0.830078,0.00396875,0.0359688
4.840e-08,-0.81,0.02,0.012
4.880e-08,-0.81,0.02,-0.012
4.920e-08,-0.790078,0.0119688,-0.00403125
4.960e-08,-0.79,-0.012,0.028
5.000e-08,-0.810078,-0.0120313,0.0279688
5.040e-08,-0.810078,0.0119688,0.0279688
5.080e-08,-0.810078,0.0119688,0.0119688
5.120e-08,-0.79,-0.004,0.012
5.160e-08,-0.810078,-0.0120313,0.0199688
5.200e-08,-0.81,-0.004,0.02
5.240e-08,-0.810078,0.0119688,0.0199688
5.280e-08,-0.790078,0.0199687,0.00396875
5.320e-08,-0.81,0.004,0.004
5.360e-08,-0.81,-0.004,0.004
5.400e-08,-0.83,0.004,0.004
5.440e-08,-0.83,-0.004,0.004
5.480e-08,-0.81,-0.012,0.012
5.520e-08,-0.810078,-0.00403125,0.0119688
5.560e-08,-0.83,0.012,0.004
5.600e-08,-0.810078,0.0119688,-0.00403125
5.640e-08,-0.81,0.004,0.012
5.680e-08,-0.81,-0.004,0.012
5.720e-08,-0.810078,-0.00403125,0.00396875
5.760e-08,-0.830078,0.00396875,-0.00403125
5.800e-08,-0.810078,0.00396875,-0.00403125
5.840e-08,-0.830078,-0.0120313,0.00396875
5.880e-08,-0.810078,-0.0200313,0.0199688
5.920e-08,-0.81,-0.004,0.02
5.960e-08,-0.810078,0.00396875,0.0119688
6.000e-08,-0.830078,0.00396875,0.0119688
6.040e-08,-0.81,-0.012,0.004
6.080e-08,-0.81,-0.012,0.012
6.120e-08,-0.81,0.004,0.004
6.160e-08,-0.810078,0.0119688,0.00396875
6.200e-08,-0.81,0.004,0.004
6.240e-08,-0.81,-0.012,0.012
6.280e-08,-0.81,-0.004,0.004
6.320e-08,-0.810078,0.00396875,0.00396875
6.360e-08,-0.810078,-0.00403125,-0.00403125
6.400e-08,-0.810078,0.00396875,-0.00403125
6.440e-08,-0.810078,-0.00403125,-0.00403125
6.480e-08,-0.81,0.004,-0.012
6.520e-08,-0.810078,-0.00403125,-0.0120312
6.560e-08,-0.81,-0.012,0.012
6.600e-08,-0.810078,-0.0200313,0.0199688
6.640e-08,-0.810078,-0.0120313,0.0119688
6.680e-08,-0.81,0.012,0.004
6.720e-08,-0.83,0.004,0.004
6.760e-08,-0.81,-0.004,0.012
6.800e-08,-0.81,-0.012,0.012
6.840e-08,-0.81,0.004,0.004
6.880e-08,-0.810078,0.00396875,-0.00403125
6.920e-08,-0.810078,-0.0120313,0.00396875
6.960e-08,-0.810078,-0.0200313,0.0199688
7.000e-08,-0.79,-0.012,0.004
7.040e-08,-0.810078,-0.00403125,-0.0120312
7.080e-08,-0.81,-0.004,-0.012
7.120e-08,-0.81,-0.012,-0.004
7.160e-08,-0.830078,-0.0200313,0.00396875
7.200e-08,-0.810078,-0.0120313,0.0119688
7.240e-08,-0.790078,-0.00403125,0.0119688
7.280e-08,-0.810078,-0.00403125,0.0119688
7.320e-08,-0.830078,0.00396875,0.0199688
7.360e-08,-0.81,0.004,0.02
7.400e-08,-0.810078,0.00396875,0.0119688
7.440e-08,-0.810078,0.0119688,-0.00403125
7.480e-08,-0.81,-0.004,-0.004
7.520e-08,-0.790078,-0.0120313,0.00396875
7.560e-08,-0.83,-0.004,-0.004
7.600e-08,-0.810078,-0.00403125,-0.00403125
7.640e-08,-0.810078,-0.00403125,-0.00403125
7.680e-08,-0.810078,-0.0120313,0.00396875
7.720e-08,-0.810078,-0.0120313,0.0119688
7.760e-08,-0.810078,-0.00403125,0.0119688
7.800e-08,-0.810078,-0.00403125,0.0199688
7.840e-08,-0.810078,-0.0120313,0.0119688
7.880e-08,-0.81,-0.012,0.028
7.920e-08,-0.81,-0.012,0.004
7.960e-08,-0.81,-0.004,0.004
8.000e-08,-0.810078,-0.0200313,0.00396875
8.040e-08,-0.81,-0.02,0.012
8.080e-08,-0.810078,-0.0120313,0.0119688
8.120e-08,-0.83,-0.004,0.012
8.160e-08,-0.83,-0.004,-0.004
8.200e-08,-0.810078,-0.0120313,0.0119688
8.240e-08,-0.810078,-0.00403125,0.0199688
8.280e-08,-0.83,0.012,0.012
8.320e-08,-0.810078,0.0279687,-0.00403125
8.360e-08,-0.810078,0.0199687,-0.0120312
8.400e-08,-0.810078,0.00396875,-0.00403125
8.440e-08,-0.810078,-0.00403125,-0.00403125
8.480e-08,-0.81,0.004,-0.004
8.520e-08,-0.81,0.004,0.004
8.560e-08,-0.810078,0.0199687,0.0199688
8.600e-08,-0.810078,0.0119688,0.0199688
8.640e-08,-0.830078,0.0119688,0.0119688
8.680e-08,-0.81,0.004,0.012
8.720e-08,-0.830078,-0.00403125,0.00396875
8.760e-08,-0.810078,-0.00403125,0.0119688
8.800e-08,-0.810078,-0.0120313,0.0199688
8.840e-08,-0.810078,-0.00403125,0.0119688
8.880e-08,-0.81,-0.004,0.012
8.920e-08,-0.81,-0.004,0.02
8.960e-08,-0.83,-0.004,0.02
9.000e-08,-0.81,0.012,0.012
9.040e-08,-0.83,0.012,0.012
9.080e-08,-0.810078,0.00396875,0.00396875
9.120e-08,-0.83,0.004,0.004
9.160e-08,-0.810078,0.00396875,0.00396875
9.200e-08,-0.810078,-0.00403125,0.00396875
9.240e-08,-0.810078,-0.00403125,0.00396875
9.280e-08,-0.81,-0.004,0.02
9.320e-08,-0.810078,-0.00403125,0.0119688
9.360e-08,-0.81,-0.012,0.012
9.400e-08,-0.81,-0.004,-0.004
9.440e-08,-0.81,-0.004,-0.012
9.480e-08,-0.810078,-0.0120313,0.0119688
9.520e-08,-0.810078,-0.00403125,0.0119688
9.560e-08,-0.810078,-0.00403125,0.0119688
9.600e-08,-0.810078,0.00396875,0.00396875
9.640e-08,-0.81,0.004,0.004
9.680e-08,-0.810078,0.00396875,0.00396875
9.720e-08,-0.810078,0.00396875,0.00396875
9.760e-08,-0.810078,-0.00403125,0.00396875
9.800e-08,-0.830078,-0.00403125,0.00396875
9.840e-08,-0.83,0.004,0.012
9.880e-08,-0.810078,0.00396875,0.0199688
9.920e-08,-0.810078,0.00396875,0.0119688
9.960e-08,-0.810078,0.0119688,0.0119688
1.000e-07,-0.810078,0.00396875,0.0119688
1.004e-07,-0.83,-0.004,0.02
1.008e-07,-0.81,-0.004,0.012
1.012e-07,-0.810078,-0.00403125,0.0119688
1.016e-07,-0.810078,-0.00403125,0.00396875
1.020e-07,-0.810078,0.00396875,-0.00403125
1.024e-07,-0.810078,0.0119688,0.0119688
1.028e-07,-0.830078,0.00396875,0.0119688
1.032e-07,-0.81,0.004,0.012
1.036e-07,-0.83,0.004,0.004
1.040e-07,-0.81,-0.004,0.004
1.044e-07,-0.81,-0.004,0.004
1.048e-07,-0.810078,0.00396875,0.0119688
1.052e-07,-0.830078,0.00396875,0.0119688
1.056e-07,-0.81,0.004,0.012
1.060e-07,-0.810078,0.0119688,0.00396875
1.064e-07,-0.790078,0.0119688,0.00396875
1.068e-07,-0.81,0.02,0.004
1.072e-07,-0.81,0.012,0.004
1.076e-07,-0.810078,0.00396875,0.0119688
1.080e-07,-0.81,0.004,0.012
1.084e-07,-0.810078,0.00396875,0.00396875
1.088e-07,-0.810078,0.00396875,0.00396875
1.092e-07,-0.810078,-0.00403125,0.0119688
1.096e-07,-0.810078,-0.00403125,0.0199688
1.100e-07,-0.810078,-0.00403125,0.0279688
1.104e-07,-0.81,0.004,0.012
1.108e-07,-0.830078,0.0119688,0.00396875
1.112e-07,-0.830078,0.00396875,0.00396875
1.116e-07,-0.81,0.004,-0.004
1.120e-07,-0.810078,0.0119688,0.00396875
1.124e-07,-0.81,0.004,0.004
1.128e-07,-0.810078,-0.00403125,0.00396875
1.132e-07,-0.810078,-0.00403125,0.00396875
1.136e-07,-0.81,-0.004,0.004
1.140e-07,-0.830078,-0.00403125,-0.00403125
1.144e-07,-0.810078,-0.00403125,0.00396875
1.148e-07,-0.83,-0.004,-0.004
1.152e-07,-0.83,-0.004,0.004
1.156e-07,-0.810078,-0.0120313,0.0199688
1.160e-07,-0.81,-0.004,0.028
1.164e-07,-0.81,-0.004,0.028
1.168e-07,-0.810078,-0.00403125,0.0119688
1.172e-07,-0.790078,0.0119688,0.00396875
1.176e-07,-0.830078,0.0119688,0.00396875
1.180e-07,-0.830078,-0.00403125,0.00396875
1.184e-07,-0.810078,-0.0120313,0.00396875
1.188e-07,-0.81,-0.02,0.012
1.192e-07,-0.830078,-0.00403125,0.0119688
1.196e-07,-0.81,0.004,0.004
1.200e-07,-0.810078,0.0119688,0.00396875
1.204e-07,-0.81,0.012,0.004
1.208e-07,-0.83,0.004,0.012
1.212e-07,-0.810078,0.00396875,0.0199688
1.216e-07,-0.81,0.004,0.012
1.220e-07,-0.81,-0.004,0.004
1.224e-07,-0.810078,-0.00403125,0.00396875
1.228e-07,-0.81,-0.012,0.012
1.232e-07,-0.81,-0.004,0.012
1.236e-07,-0.83,-0.012,0.012
1.240e-07,-0.81,-0.004,0.012
1.244e-07,-0.810078,-0.00403125,0.0279688
1.248e-07,-0.810078,-0.00403125,0.0279688
1.252e-07,-0.83,-0.004,0.012
1.256e-07,-0.83,-0.004,0.004
1.260e-07,-0.81,-0.012,-0.004
1.264e-07,-0.810078,-0.00403125,0.0119688
1.268e-07,-0.81,0.004,0.012
1.272e-07,-0.810078,0.00396875,0.0119688
1.276e-07,-0.830078,-0.00403125,0.00396875
1.280e-07,-0.810078,-0.0120313,0.00396875
1.284e-07,-0.810078,-0.0120313,0.00396875
1.288e-07,-0.81,-0.004,0.004
1.292e-07,-0.810078,-0.00403125,0.00396875
1.296e-07,-0.810078,0.00396875,0.0119688
1.300e-07,-0.810078,0.00396875,0.0119688
1.304e-07,-0.81,-0.004,0.004
1.308e-07,-0.81,-0.004,0.012
1.312e-07,-0.810078,-0.00403125,0.0199688
1.316e-07,-0.81,0.004,0.02
1.320e-07,-0.810078,0.0119688,0.0119688
1.324e-07,-0.810078,0.0199687,0.00396875
1.328e-07,-0.81,0.02,0.012
1.332e-07,-0.810078,0.00396875,0.0119688
1.336e-07,-0.810078,-0.00403125,0.00396875
1.340e-07,-0.81,-0.004,0.004
1.344e-07,-0.81,-0.004,0.004
1.348e-07,-0.81,-0.012,0.012
1.352e-07,-0.83,-0.004,0.02
1.356e-07,-0.81,-0.012,0.012
1.360e-07,-0.810078,-0.00403125,-0.00403125
1.364e-07,-0.810078,-0.00403125,0.00396875
1.368e-07,-0.81,-0.004,0.012
1.372e-07,-0.81,0.004,0.02
1.376e-07,-0.830078,-0.00403125,0.0199688
1.380e-07,-0.81,-0.004,0.028
1.384e-07,-0.810078,-0.00403125,0.0199688
1.388e-07,-0.81,0.004,0.012
1.392e-07,-0.83,-0.004,0.012
1.396e-07,-0.81,-0.004,0.004
1.400e-07,-0.81,-0.012,0.004
1.404e-07,-0.81,-0.004,0.004
1.408e-07,-0.81,0.004,-0.004
1.412e-07,-0.83,0.004,-0.004
1.416e-07,-0.810078,-0.00403125,0.0119688
1.420e-07,-0.810078,0.0119688,0.0199688
1.424e-07,-0.81,0.004,0.004
1.428e-07,-0.810078,0.0199687,0.00396875
1.432e-07,-0.83,0.012,-0.004
1.436e-07,-0.83,-0.004,0.004
1.440e-07,-0.81,-0.004,0.012
1.444e-07,-0.810078,-0.00403125,0.0119688
1.448e-07,-0.81,-0.004,0.012
1.452e-07,-0.81,-0.02,0.004
1.456e-07,-0.830078,-0.0120313,-0.00403125
1.460e-07,-0.810078,-0.0120313,0.00396875
1.464e-07,-0.810078,-0.0120313,0.0119688
1.468e-07,-0.81,0.004,0.012
1.472e-07,-0.810078,0.00396875,0.0199688
1.476e-07,-0.810078,0.00396875,0.0119688
1.480e-07,-0.830078,0.00396875,0.0119688
1.484e-07,-0.81,0.004,0.012
1.488e-07,-0.81,-0.004,0.02
1.492e-07,-0.790078,-0.00403125,0.00396875
1.496e-07,-0.810078,0.00396875,0.00396875
1.500e-07,-0.81,0.012,-0.004
1.504e-07,-0.81,0.004,0.004
1.508e-07,-0.83,-0.004,0.004
1.512e-07,-0.81,-0.02,-0.004
1.516e-07,-0.81,-0.004,-0.004
1.520e-07,-0.810078,0.00396875,-0.00403125
1.524e-07,-0.830078,0.00396875,-0.00403125
1.528e-07,-0.81,0.004,0.004
1.532e-07,-0.81,-0.012,0.012
1.536e-07,-0.810078,-0.0120313,0.0119688
1.540e-07,-0.810078,-0.00403125,-0.00403125
1.544e-07,-0.81,-0.004,0.004
1.548e-07,-0.83,-0.004,0.004
1.552e-07,-0.810078,-0.00403125,0.00396875
1.556e-07,-0.81,-0.004,0.004
1.560e-07,-0.79,-0.004,-0.004
1.564e-07,-0.810078,0.00396875,0.00396875
1.568e-07,-0.83,-0.004,0.004
1.572e-07,-0.83,-0.004,0.004
1.576e-07,-0.81,-0.012,0.012
1.580e-07,-0.81,-0.012,0.012
1.584e-07,-0.810078,-0.00403125,0.00396875
1.588e-07,-0.830078,0.00396875,0.00396875
1.592e-07,-0.81,0.02,-0.004
1.596e-07,-0.810078,0.0199687,-0.0120312
1.600e-07,-0.81,0.004,-0.004
1.604e-07,-0.830078,0.00396875,-0.00403125
1.608e-07,-0.810078,-0.00403125,0.0119688
1.612e-07,-0.83,-0.004,0.028
1.616e-07,-0.81,0.004,0.028
1.620e-07,-0.790078,-0.00403125,0.0119688
1.624e-07,-0.810078,0.00396875,0.0119688
1.628e-07,-0.81,-0.004,0.004
1.632e-07,-0.81,-0.004,0.012
1.636e-07,-0.810078,-0.0120313,0.00396875
1.640e-07,-0.83,0.004,-0.004
1.644e-07,-0.810078,0.00396875,0.00396875
1.648e-07,-0.810078,-0.00403125,0.00396875
1.652e-07,-0.810078,-0.00403125,0.00396875
1.656e-07,-0.81,-0.004,0.004
1.660e-07,-0.810078,-0.0120313,-0.00403125
1.664e-07,-0.81,-0.004,0.004
1.668e-07,-0.810078,-0.00403125,0.00396875
1.672e-07,-0.810078,-0.0120313,0.0119688
1.676e-07,-0.810078,-0.0120313,-0.00403125
1.680e-07,-0.81,-0.004,-0.004
1.684e-07,-0.81,-0.004,0.004
1.688e-07,-0.830078,-0.0120313,0.00396875
1.692e-07,-0.810078,-0.0120313,0.00396875
1.696e-07,-0.79,-0.012,0.012
1.700e-07,-0.75,-0.012,0.004
1.704e-07,-0.630078,0.00396875,0.0119688
1.708e-07,-0.45,0.004,0.012
1.712e-07,-0.250078,0.00396875,0.0119688
1.716e-07,-0.0500781,0.00396875,0.0199688
1.720e-07,-0.01,0.004,0.012
1.724e-07,-0.01,0.004,0.004
1.728e-07,-0.05,0.004,0.004
1.732e-07,-0.0500781,0.00396875,0.00396875
1.736e-07,-0.05,0.004,-0.004
1.740e-07,-0.0100781,0.00396875,-0.00403125
1.744e-07,-0.01,0.004,-0.004
1.748e-07,-0.0300781,0.00396875,0.0119688
1.752e-07,-0.05,0.02,0.012
1.756e-07,-0.03,0.02,0.004
1.760e-07,-0.0300781,0.0199687,0.00396875
1.764e-07,-0.01,0.012,-0.004
1.768e-07,-0.0300781,0.00396875,-0.00403125
1.772e-07,-0.0100781,0.00396875,0.00396875
1.776e-07,-0.0100781,0.00396875,-0.00403125
1.780e-07,-0.03,-0.004,0.004
1.784e-07,-0.0100781,-0.00403125,0.0119688
1.788e-07,-0.0300781,-0.00403125,0.0119688
1.792e-07,-0.0100781,0.00396875,0.0119688
1.796e-07,-0.0100781,0.0119688,0.0119688
1.800e-07,-0.01,0.004,0.004
1.804e-07,-0.01,-0.004,0.012
1.808e-07,-0.0300781,-0.0120313,0.0119688
1.812e-07,-0.0100781,-0.0120313,0.0119688
1.816e-07,-0.03,-0.012,0.012
1.820e-07,-0.0300781,-0.00403125,0.0119688
1.824e-07,-0.01,-0.012,0.02
1.828e-07,-0.0100781,-0.00403125,0.0119688
1.832e-07,-0.0100781,0.00396875,0.0119688
1.836e-07,-0.01,0.004,0.004
1.840e-07,-0.0100781,0.00396875,0.00396875
1.844e-07,-0.01,-0.004,0.004
1.848e-07,-0.0100781,-0.0200313,0.00396875
1.852e-07,-0.0100781,-0.0200313,0.00396875
1.856e-07,-0.0100781,-0.0120313,0.0119688
1.860e-07,-0.0100781,-0.00403125,0.0199688
1.864e-07,-0.0100781,0.0119688,0.0199688
1.868e-07,-0.03,0.004,0.004
1.872e-07,-0.01,-0.004,-0.004
1.876e-07,-0.0100781,-0.00403125,0.0119688
1.880e-07,-0.0100781,-0.00403125,0.00396875
1.884e-07,-0.01,0.004,0.004
1.888e-07,-0.01,0.004,0.012
1.892e-07,-0.01,0.004,0.004
1.896e-07,-0.01,-0.004,0.012
1.900e-07,-0.01,-0.02,0.012
1.904e-07,-0.0100781,-0.00403125,0.0119688
1.908e-07,-0.01,0.004,0.028
1.912e-07,-0.0100781,0.00396875,0.0119688
1.916e-07,-0.01,-0.004,0.012
1.920e-07,-0.01,-0.012,0.004
1.924e-07,-0.0100781,-0.0120313,0.00396875
1.928e-07,-0.01,-0.004,0.012
1.932e-07,0.00992187,0.00396875,0.0119688
1.936e-07,-0.0100781,0.0119688,0.0119688
1.940e-07,-0.03,0.004,-0.004
1.944e-07,-0.0300781,0.00396875,0.00396875
1.948e-07,-0.01,0.012,0.012
1.952e-07,-0.0100781,0.00396875,0.00396875
1.956e-07,-0.01,0.012,0.004
1.960e-07,-0.01,0.004,0.004
1.964e-07,-0.0100781,0.00396875,0.0119688
1.968e-07,-0.0100781,0.00396875,0.0119688
1.972e-07,-0.0100781,-0.00403125,0.0119688
1.976e-07,-0.0100781,0.00396875,0.0119688
1.980e-07,-0.0100781,0.00396875,0.0119688
1.984e-07,-0.0100781,-0.00403125,0.0119688
1.988e-07,-0.0100781,-0.0120313,0.0119688
1.992e-07,0.00992187,-0.0120313,0.00396875
1.996e-07,0.01,-0.012,0.004
2.000e-07,-0.0100781,-0.00403125,0.0119688
2.004e-07,-0.0100781,0.00396875,0.0119688
2.008e-07,0.01,0.004,0.012
2.012e-07,0.00992187,-0.00403125,0.00396875
2.016e-07,0.00992187,-0.0120313,-0.00403125
2.020e-07,-0.0100781,-0.0120313,0.00396875
2.024e-07,-0.0100781,-0.00403125,0.0119688
2.028e-07,-0.01,0.012,0.012
2.032e-07,-0.0100781,-0.00403125,0.0119688
2.036e-07,-0.01,-0.012,0.02
2.040e-07,0.00992187,-0.00403125,0.0119688
2.044e-07,-0.01,-0.004,0.004
2.048e-07,-0.0100781,0.00396875,-0.00403125
2.052e-07,-0.01,0.004,0.004
2.056e-07,-0.01,-0.004,0.012
2.060e-07,-0.01,-0.004,0.02
2.064e-07,-0.0100781,-0.0120313,0.0199688
2.068e-07,-0.0100781,0.00396875,0.0119688
2.072e-07,-0.01,0.012,0.012
2.076e-07,-0.0100781,0.00396875,0.0119688
2.080e-07,0.01,0.004,0.012
2.084e-07,-0.0100781,0.00396875,0.0199688
2.088e-07,-0.0100781,-0.00403125,0.0199688
2.092e-07,-0.0100781,-0.0120313,0.0279688
2.096e-07,-0.0100781,-0.0120313,0.0199688
2.100e-07,-0.01,-0.004,0.012
2.104e-07,-0.01,-0.004,0.004
2.108e-07,-0.0100781,-0.00403125,0.0119688
2.112e-07,-0.0100781,-0.0120313,0.0119688
2.116e-07,-0.0100781,-0.00403125,0.0119688
2.120e-07,0.01,0.004,0.004
2.124e-07,-0.01,0.012,-0.004
2.128e-07,-0.0100781,0.0119688,0.00396875
2.132e-07,-0.01,0.004,0.004
2.136e-07,0.01,-0.004,-0.004
2.140e-07,-0.0100781,-0.0120313,-0.00403125
2.144e-07,-0.01,-0.012,-0.004
2.148e-07,-0.0100781,-0.00403125,0.00396875
2.152e-07,-0.0100781,0.00396875,0.00396875
2.156e-07,-0.01,0.004,0.012
2.160e-07,-0.01,-0.012,0.012
2.164e-07,-0.03,-0.02,0.012
2.168e-07,0.00992187,-0.0120313,0.00396875
2.172e-07,0.01,-0.004,0.004
2.176e-07,-0.0100781,0.00396875,-0.00403125
2.180e-07,-0.0100781,0.0119688,-0.00403125
2.184e-07,-0.01,0.004,-0.004
2.188e-07,-0.01,0.012,0.004
2.192e-07,-0.0100781,0.00396875,-0.00403125
2.196e-07,0.00992187,-0.00403125,-0.00403125
2.200e-07,-0.01,-0.004,0.004
2.204e-07,-0.01,-0.012,0.012
2.208e-07,-0.0100781,-0.0120313,0.0199688
2.212e-07,-0.0100781,-0.00403125,0.0119688
2.216e-07,-0.0100781,-0.00403125,0.0119688
2.220e-07,-0.01,-0.004,0.004
2.224e-07,-0.01,-0.004,0.004
2.228e-07,-0.0100781,0.00396875,0.0119688
2.232e-07,0.00992187,-0.00403125,0.00396875
2.236e-07,-0.0100781,-0.0120313,0.00396875
2.240e-07,-0.01,-0.012,-0.004
2.244e-07,-0.0100781,-0.00403125,0.0119688
2.248e-07,-0.01,0.012,0.012
2.252e-07,0.01,-0.004,0.012
2.256e-07,0.01,-0.004,0.004
2.260e-07,-0.01,-0.004,0.012
2.264e-07,-0.0100781,-0.00403125,0.0119688
2.268e-07,-0.0100781,0.00396875,0.0199688
2.272e-07,0.00992187,0.00396875,0.0359688
2.276e-07,-0.0100781,-0.00403125,0.0279688
2.280e-07,-0.0100781,-0.00403125,0.0119688
2.284e-07,-0.01,-0.004,0.012
2.288e-07,-0.01,-0.004,0.012
2.292e-07,0.00992187,0.00396875,0.0119688
2.296e-07,-0.01,0.004,0.004
2.300e-07,-0.01,-0.004,0.012
2.304e-07,0.01,-0.004,0.012
2.308e-07,-0.0100781,-0.00403125,0.0119688
2.312e-07,0.01,-0.004,0.012
2.316e-07,-0.01,0.004,0.004
2.320e-07,-0.0100781,0.00396875,0.00396875
2.324e-07,-0.0100781,0.00396875,0.0119688
2.328e-07,-0.0100781,-0.00403125,0.0119688
2.332e-07,-0.0100781,-0.0120313,0.00396875
2.336e-07,-0.0100781,-0.0120313,0.00396875
2.340e-07,-0.01,-0.012,0.004
2.344e-07,-0.0100781,-0.0200313,0.0199688
2.348e-07,-0.0100781,-0.0120313,0.0119688
2.352e-07,0.01,0.004,0.012
2.356e-07,-0.0100781,-0.00403125,0.0119688
2.360e-07,-0.0100781,0.00396875,0.00396875
2.364e-07,-0.0100781,0.00396875,0.00396875
2.368e-07,0.00992187,0.00396875,-0.00403125
2.372e-07,0.01,-0.004,-0.004
2.376e-07,0.01,0.004,0.012
2.380e-07,-0.01,0.004,0.012
2.384e-07,-0.0100781,0.00396875,0.0199688
2.388e-07,-0.0100781,-0.00403125,0.0199688
2.392e-07,-0.01,-0.012,0.004
2.396e-07,0.00992187,-0.00403125,0.0119688
2.400e-07,-0.01,0.02,-0.004
2.404e-07,-0.01,0.02,-0.004
2.408e-07,-0.0100781,0.0119688,0.00396875
2.412e-07,-0.01,0.004,0.012
2.416e-07,-0.01,0.004,0.012
2.420e-07,-0.01,0.012,0.004
2.424e-07,-0.0100781,0.0119688,-0.0120312
2.428e-07,-0.01,0.012,-0.012
2.432e-07,-0.0100781,-0.00403125,0.00396875
2.436e-07,0.00992187,-0.00403125,0.0119688
2.440e-07,-0.0100781,0.00396875,0.0119688
2.444e-07,-0.0100781,-0.00403125,0.00396875
2.448e-07,0.00992187,-0.00403125,0.00396875
2.452e-07,-0.0100781,-0.0120313,0.0119688
2.456e-07,-0.0100781,0.00396875,0.0119688
2.460e-07,-0.0100781,-0.00403125,0.00396875
2.464e-07,-0.01,0.004,0.012
2.468e-07,-0.0300781,-0.00403125,0.0119688
2.472e-07,-0.01,-0.012,0.004
2.476e-07,-0.01,-0.004,0.004
2.480e-07,-0.0100781,0.00396875,0.00396875
2.484e-07,-0.0100781,0.00396875,0.00396875
2.488e-07,0.01,-0.012,0.012
2.492e-07,-0.01,-0.004,0.004
2.496e-07,-0.0100781,0.00396875,-0.00403125
2.500e-07,-0.01,-0.004,0.012
2.504e-07,0.00992187,-0.00403125,0.00396875
2.508e-07,-0.01,-0.004,0.012
2.512e-07,-0.01,-0.004,0.02
2.516e-07,-0.01,0.004,0.012
2.520e-07,-0.01,0.004,0.004
2.524e-07,-0.0100781,0.00396875,0.00396875
2.528e-07,-0.0100781,0.00396875,0.00396875
2.532e-07,-0.01,-0.004,0.004
2.536e-07,-0.01,-0.012,0.012
2.540e-07,-0.0100781,-0.0120313,0.0119688
2.544e-07,-0.01,0.004,0.012
2.548e-07,-0.01,0.004,0.012
2.552e-07,-0.01,0.004,0.012
2.556e-07,0.01,0.004,0.012
2.560e-07,0.00992187,0.00396875,0.0119688
2.564e-07,-0.01,0.004,0.012
2.568e-07,0.00992187,0.0199687,0.0119688
2.572e-07,-0.01,0.012,0.004
2.576e-07,-0.0100781,0.00396875,-0.00403125
2.580e-07,-0.01,0.004,-0.004
2.584e-07,-0.0100781,-0.00403125,-0.00403125
2.588e-07,-0.01,0.004,0.004
2.592e-07,-0.01,0.012,0.004
2.596e-07,-0.0100781,0.00396875,0.00396875
2.600e-07,-0.01,-0.012,0.012
2.604e-07,-0.01,-0.012,0.004
2.608e-07,0.01,-0.004,0.004
2.612e-07,-0.0100781,-0.00403125,0.0119688
2.616e-07,0.01,0.004,0.02
2.620e-07,-0.01,-0.004,0.02
2.624e-07,-0.0100781,-0.00403125,0.0199688
2.628e-07,-0.0100781,0.00396875,0.0199688
2.632e-07,-0.0100781,0.00396875,0.0119688
2.636e-07,0.01,0.004,0.012
2.640e-07,-0.01,0.004,-0.004
2.644e-07,0.01,0.004,0.012
2.648e-07,0.01,0.004,0.012
2.652e-07,-0.0100781,0.00396875,0.00396875
2.656e-07,-0.01,0.004,0.004
2.660e-07,-0.01,0.004,0.004
2.664e-07,-0.0100781,0.0119688,0.00396875
2.668e-07,-0.0100781,0.00396875,0.0119688
2.672e-07,0.01,-0.004,0.012
2.676e-07,-0.0100781,-0.0120313,0.00396875
2.680e-07,-0.0100781,-0.0200313,0.00396875
2.684e-07,0.01,-0.02,0.012
2.688e-07,-0.0100781,-0.0120313,0.0119688
2.692e-07,-0.01,0.004,0.004
2.696e-07,-0.01,0.004,-0.004
2.700e-07,-0.0100781,0.00396875,0.00396875
2.704e-07,-0.0100781,0.00396875,0.00396875
2.708e-07,-0.01,0.004,0.012
2.712e-07,-0.01,-0.012,0.012
2.716e-07,-0.01,-0.012,0.004
2.720e-07,-0.01,-0.012,0.004
2.724e-07,-0.01,-0.004,0.004
2.728e-07,-0.01,0.004,0.02
2.732e-07,-0.01,-0.012,0.012
2.736e-07,-0.01,-0.012,0.012
2.740e-07,0.01,-0.004,0.004
2.744e-07,-0.01,0.004,-0.004
2.748e-07,-0.0100781,-0.0120313,0.00396875
2.752e-07,-0.01,-0.02,0.012
2.756e-07,0.01,0.004,0.012
2.760e-07,-0.0100781,-0.00403125,0.0119688
2.764e-07,-0.01,-0.012,0.012
2.768e-07,-0.0100781,-0.0120313,0.00396875
2.772e-07,-0.01,-0.012,0.004
2.776e-07,-0.0100781,-0.00403125,-0.00403125
2.780e-07,-0.0100781,0.0119688,-0.00403125
2.784e-07,-0.03,0.012,-0.004
2.788e-07,-0.03,0.004,0.004
2.792e-07,-0.0100781,0.0119688,0.0119688
2.796e-07,-0.0100781,0.00396875,0.00396875
2.800e-07,-0.01,-0.004,0.004
2.804e-07,-0.01,0.004,0.004
2.808e-07,-0.0100781,0.00396875,0.00396875
2.812e-07,-0.0100781,-0.00403125,0.00396875
2.816e-07,-0.01,-0.004,0.012
2.820e-07,-0.0300781,-0.00403125,0.0119688
2.824e-07,-0.01,-0.004,0.02
2.828e-07,-0.01,0.012,0.012
2.832e-07,-0.0100781,0.0199687,0.00396875
2.836e-07,0.00992187,0.00396875,0.00396875
2.840e-07,-0.0100781,-0.00403125,0.0119688
2.844e-07,0.00992187,-0.00403125,0.00396875
2.848e-07,-0.01,0.004,0.012
2.852e-07,0.00992187,0.00396875,0.0119688
2.856e-07,0.00992187,0.0119688,0.0119688
2.860e-07,-0.0100781,0.0119688,0.0199688
2.864e-07,-0.0100781,-0.00403125,0.0199688
2.868e-07,-0.0100781,-0.00403125,0.0199688
2.872e-07,-0.01,-0.012,0.012
2.876e-07,-0.0100781,-0.0120313,0.0119688
2.880e-07,0.00992187,-0.00403125,-0.00403125
2.884e-07,-0.0100781,-0.00403125,-0.00403125
2.888e-07,-0.01,0.004,0.004
2.892e-07,-0.01,0.012,0.004
2.896e-07,-0.01,-0.004,0.012
2.900e-07,-0.01,-0.012,0.012
2.904e-07,-0.01,-0.012,0.012
2.908e-07,0.01,-0.012,0.004
2.912e-07,0.01,-0.012,0.004
2.916e-07,-0.0100781,-0.00403125,0.00396875
2.920e-07,-0.01,-0.004,0.004
2.924e-07,-0.01,-0.004,0.02
2.928e-07,-0.0100781,0.00396875,0.0119688
2.932e-07,-0.01,0.004,0.012
2.936e-07,-0.01,0.004,0.004
2.940e-07,-0.01,-0.004,0.004
2.944e-07,0.01,0.012,0.012
2.948e-07,-0.01,-0.012,0.02
2.952e-07,-0.0100781,0.00396875,0.0119688
2.956e-07,0.01,0.004,0.012
2.960e-07,-0.01,0.004,0.004
2.964e-07,-0.01,-0.004,0.012
2.968e-07,-0.01,0.004,0.004
2.972e-07,-0.0100781,0.00396875,0.0119688
2.976e-07,-0.0100781,-0.00403125,0.00396875
2.980e-07,-0.0300781,-0.00403125,-0.0120312
2.984e-07,-0.0100781,0.00396875,-0.0120312
2.988e-07,-0.0100781,0.00396875,-0.0120312
2.992e-07,-0.0100781,-0.00403125,0.00396875
2.996e-07,-0.0100781,-0.00403125,0.0119688
3.000e-07,-0.0100781,-0.0120313,0.00396875
3.004e-07,-0.01,0.004,0.012
3.008e-07,-0.01,0.004,0.012
3.012e-07,-0.01,-0.004,0.012
3.016e-07,-0.0100781,-0.00403125,0.0199688
3.020e-07,-0.0100781,-0.00403125,0.0199688
3.024e-07,0.00992187,-0.0120313,0.00396875
3.028e-07,-0.01,-0.004,0.004
3.032e-07,-0.01,0.004,0.012
3.036e-07,0.01,-0.004,0.012
3.040e-07,-0.01,-0.004,0.012
3.044e-07,-0.0100781,-0.00403125,0.0119688
3.048e-07,0.01,0.004,0.012
3.052e-07,-0.01,-0.004,0.012
3.056e-07,-0.01,-0.004,-0.004
3.060e-07,-0.0100781,0.00396875,-0.0120312
3.064e-07,-0.0100781,0.00396875,0.00396875
3.068e-07,-0.01,0.004,0.004
3.072e-07,0.01,0.004,0.012
3.076e-07,-0.01,0.004,0.012
3.080e-07,-0.01,-0.004,0.004
3.084e-07,-0.0100781,-0.00403125,0.00396875
3.088e-07,-0.01,-0.004,-0.004
3.092e-07,-0.01,-0.004,-0.004
3.096e-07,-0.0100781,0.00396875,0.00396875
3.100e-07,-0.01,-0.004,0.012
3.104e-07,-0.0100781,-0.0120313,0.0119688
3.108e-07,0.01,-0.004,0.012
3.112e-07,-0.0100781,0.00396875,0.0119688
3.116e-07,-0.0100781,0.00396875,0.0199688
3.120e-07,0.01,0.004,0.012
3.124e-07,-0.0100781,0.0119688,0.00396875
3.128e-07,-0.0100781,0.0119688,0.0119688
3.132e-07,0.00992187,0.0119688,0.0119688
3.136e-07,-0.0100781,0.00396875,0.0119688
3.140e-07,-0.0100781,-0.00403125,0.0199688
3.144e-07,-0.01,-0.004,0.012
3.148e-07,-0.0100781,0.00396875,0.0119688
3.152e-07,-0.01,-0.004,0.02
3.156e-07,-0.0100781,-0.00403125,0.0119688
3.160e-07,-0.0100781,-0.00403125,0.00396875
3.164e-07,0.01,-0.012,0.004
3.168e-07,-0.01,-0.004,0.004
3.172e-07,-0.01,0.004,0.004
3.176e-07,-0.01,0.004,0.02
3.180e-07,-0.0100781,0.00396875,0.0199688
3.184e-07,-0.01,-0.004,0.012
3.188e-07,-0.0100781,-0.00403125,-0.00403125
3.192e-07,0.01,-0.004,0.004
3.196e-07,-0.01,0.004,0.004
3.200e-07,-0.0100781,0.0119688,0.0119688
3.204e-07,-0.0100781,0.00396875,0.0199688
3.208e-07,-0.01,0.012,0.004

